{"cameraMode":{"drawMode":0,"name":"Shaded","section":"Shading Mode"},"sceneLighting":false,"audioPlay":false,"sceneViewState":{"m_AlwaysRefresh":false,"showFog":true,"showSkybox":false,"showFlares":true,"showImageEffects":true,"showParticleSystems":true,"showVisualEffectGraphs":true,"m_FxEnabled":true},"in2DMode":false,"pivot":{"x":0.08772929012775421,"y":0.10407700389623642,"z":0.2879428565502167},"rotation":{"x":-0.35998544096946719,"y":0.45403751730918887,"z":-0.2073574811220169,"w":-0.7882347702980042},"size":0.5165063142776489,"orthographic":false}